month,log_CI_cells_mL,bloom
1,8.749823353378824,0
2,8.749823353379728,0
3,8.700460533860094,0
4,7.700706319128663,0
5,6.2103388312462755,0
6,5.662338415178747,0
7,5.206169159097521,0
8,4.70843703110183,0
9,4.724308400087175,0
10,7.275718200122711,0
11,8.127444195899717,0
12,8.749823353378824,0
